,A,B,C,D
2000-01-01,-0.7854258903402793,1.3135542318864866,-0.05917211216623883,-0.4354719616672293
2000-01-02,-1.4316087428577617,0.8890353257801026,-0.4624625764682453,-2.1473128756863944
2000-01-03,-0.9649990924183898,0.8508740198018047,0.1225730452085988,-2.648378614851606
2000-01-04,0.6599668387164359,0.9122161130293441,0.2897088794546473,-4.1073324887843015
2000-01-05,1.0752048856889078,2.2412727020464733,0.9400239695528175,-4.8502914513474105
2000-01-06,-0.28977084145382004,2.1337993519333747,1.0895668638926088,-3.426484256489184
2000-01-07,0.6848474735773649,4.459760759354168,0.7775567201359828,-2.401350402663038
2000-01-08,1.3064057906337112,5.745358060123944,1.9654199277847524,-3.7139266519833747
2000-01-09,0.794159232600195,4.257035587412172,0.35061212836519573,-3.4047790401288767
2000-01-10,0.7391400345402539,4.476176470759009,0.49632820314619736,-2.741852838915126
2000-01-11,-0.4217938303806299,4.608207273598261,0.16255231028874817,-2.5905322261759647
2000-01-12,0.30299769362427964,5.812824416782463,-1.04316252049865,-2.36063706063381
2000-01-13,-1.3495094360416044,5.6626532146554585,-1.2246148473147498,-2.814970511118031
2000-01-14,-0.3546588473799913,5.335992948391962,0.4901810011500667,-2.7754240824918472
2000-01-15,0.21180186951642288,6.368501998978863,0.10656001757790212,-2.4207686047886203
2000-01-16,-0.4297803065417404,6.346631515138382,0.4530172198663657,-3.0776978125417207
2000-01-17,-0.17969313019403588,6.601485439558828,1.0942475541906502,-2.2212404861408284
2000-01-18,-0.2585938618420884,6.1307314750278215,1.1686344193119502,-0.14761967486032068
2000-01-19,0.17138329980448253,6.122582667249951,0.5460730280855868,1.0433771871411228
2000-01-20,1.8458545292607607,5.652958169523403,1.2057875862952991,0.851876431178135
2000-01-21,1.8686938429891458,7.292319937767893,2.030507977984128,1.4605694566792815
2000-01-22,3.30125553499495,7.539464844393901,1.997513914945372,2.402932488994132
2000-01-23,1.6147825278193055,8.146646274034577,2.5453888701827294,2.1881077291230513
2000-01-24,1.0911524522607179,8.924608123004885,1.8017577173541237,1.170735413523985
2000-01-25,-0.4364887661442183,8.606920003241608,1.1346027546744917,1.8933504235696548
2000-01-26,-1.0064440019912015,9.726389639803067,1.4972452134372525,2.4863858840638633
2000-01-27,-2.514349493792282,9.812931651937301,0.1237980140677919,3.389744881995733
2000-01-28,-2.196007990686795,9.272977123215245,0.5874048364940122,2.016464671424697
2000-01-29,-1.118670258950425,9.160781307427047,1.0537663771295365,2.3327051805404557
2000-01-30,-1.1464400717194405,11.216814950318591,2.356070470168097,2.001796026490391
2000-01-31,0.37892302174839854,10.157638848066158,1.7401171873690586,-0.34293870349503486
2000-02-01,-1.6811124230574128,8.759581231090074,2.345574132412864,-1.2963495698299607
2000-02-02,-3.3830475269647584,9.78737639455414,1.4974192083034743,-2.4565136963222742
2000-02-03,-4.160795993571428,10.056963453282775,1.5421268921825229,-0.9393532094439294
2000-02-04,-3.2842179523274986,8.43417044302466,0.7451525095200134,0.3170653010657496
2000-02-05,-2.7302405434642107,10.105561737309845,0.49763718078766306,-0.34665007508434675
2000-02-06,-3.2737973295218,11.011124460008258,-0.13343439969847837,-0.3354467997719779
2000-02-07,-3.0682641905442156,10.058221565984436,1.8917842663238955,-1.2112866831746518
2000-02-08,-1.849694565660905,9.773993869007878,2.14086395700814,-1.0768681304341343
2000-02-09,-1.270285570845204,9.843279223457268,2.9234825953974846,-3.76102626994564
2000-02-10,-3.960456079481534,9.312884542181813,1.5209893157889744,-3.349319544699509
2000-02-11,-3.4042583776378557,10.994654566202591,1.1049376097480386,-2.7373328491506017
2000-02-12,-1.6655776112009812,11.498201269998495,1.815735445851797,-2.1219336236898805
2000-02-13,-1.7928663294630989,10.841133066851684,1.5426976920687645,-3.8435457795911345
2000-02-14,-1.8464085798957959,11.06465017621981,1.2280418970015725,-2.031451427429234
2000-02-15,-1.2950263365825792,10.981520654761031,1.5013631834492065,-2.60688830981399
2000-02-16,-0.018299619186212146,11.948754188853048,0.3175550482287093,-2.5572793170365324
2000-02-17,0.2316814656860857,11.069651193476677,1.145741323942758,-1.9373853952473208
2000-02-18,0.9780444542620002,9.793678607919208,1.0548118887457638,-2.0864012025664214
2000-02-19,0.35741895734264073,10.163001868091104,0.3819077368253936,-1.5859049502011735
2000-02-20,-2.209395372789164,11.297635982092432,0.7499851368857883,-2.4128972867044753
2000-02-21,-1.9826853992334381,11.25692682483481,0.9498988120967552,-0.9016597332163652
2000-02-22,-2.4474937456328174,12.048603848245893,2.506932681937642,-0.7682942204624832
2000-02-23,-3.176209783232134,11.247842530887805,3.562207623055165,0.5263423034532482
2000-02-24,-2.879282645824926,10.861754330787997,5.9298819768897495,0.5721552520013745
2000-02-25,-1.4689563915702664,10.81453106241551,4.805378762396878,0.22174889924440822
2000-02-26,-2.7223103059820772,11.271265867367957,4.245844817410922,-0.05289654824815426
2000-02-27,-6.548085919820302,11.542837304046591,2.4542097289821063,0.44856455072674895
2000-02-28,-6.767578008918504,10.323013608805105,2.5086463123637484,0.35311671078090484
2000-02-29,-9.157842234782258,9.694632979663922,2.3350625822820827,-1.406429663768165
2000-03-01,-7.545470938951404,10.536049907017143,2.8044043032927846,-2.9673963516233917
2000-03-02,-8.881603769498456,12.241398870574232,2.605805911695394,-2.2360465864482197
2000-03-03,-9.76462686578927,13.338388022163562,3.004609606474098,-1.6617992202396819
2000-03-04,-10.352834688554804,13.352409270539786,3.609606667879211,-3.22361218599604
2000-03-05,-10.87878425742072,11.827585642771641,3.84405692588365,-3.1441842436959773
2000-03-06,-10.777163005877211,11.93671181202743,3.613519800547417,-4.381751009085614
2000-03-07,-12.28385134137274,13.472441748431956,3.578739874062327,-3.398391791364292
2000-03-08,-11.29171839136488,13.326660811799117,3.632282931469549,-2.664445727298468
2000-03-09,-10.289135670651948,12.85112470834712,5.84979118147613,-2.7985391495968237
2000-03-10,-9.31001241881144,12.201622193143036,5.1999551856980455,-2.123338367235927
2000-03-11,-9.012267714558263,12.171024627724032,4.952601706250689,-1.8672135243707226
2000-03-12,-10.80926642110079,13.404749041415668,4.750632481166698,-2.35579954259629
2000-03-13,-12.915957116238928,12.555829417291106,2.5500689078926593,-3.2084509572879707
2000-03-14,-12.195923087515718,13.028392180126025,1.816700238329294,-3.984030007665165
2000-03-15,-12.165024814434863,14.790684849032193,3.3172411340934396,-3.7601912393369266
2000-03-16,-13.25114232200042,15.305474555453868,3.3112705642247784,-4.798083754039454
2000-03-17,-11.975260958158144,14.428282714027327,2.3750536568865535,-4.65027522220018
2000-03-18,-11.963386651684612,13.355893912568922,2.575583564721346,-4.816176523683329
2000-03-19,-12.587474039035797,12.872128486268856,2.8327279081164796,-5.7423944038602865
2000-03-20,-12.117926935223004,14.29770409928903,3.1770011633797504,-6.307885607715775
2000-03-21,-11.665848202055066,13.259623444130426,3.336372302117784,-4.159987075962148
2000-03-22,-11.61915272098983,12.856704230108786,2.524178691826813,-3.8932147090087486
2000-03-23,-10.59933408559667,12.379640531422545,0.9539652839178154,-4.146067812906912
2000-03-24,-11.514550115436489,10.729442178469089,1.0487464432517666,-4.009512077443067
2000-03-25,-10.930816681671025,11.984222743517423,2.655933016138809,-3.086613511166256
2000-03-26,-10.644982900971403,11.90371294113786,2.8436899880709676,-4.044709303699602
2000-03-27,-12.91883901901596,12.80167356032364,3.38144374945158,-4.535886675056519
2000-03-28,-14.949374727401219,12.892406499610852,3.3597131585397815,-4.059722316608861
2000-03-29,-15.726985162880037,11.088226510237064,1.5443590406963759,-4.9000550158400715
2000-03-30,-16.321669804064566,10.607605561899277,1.7182688179066226,-4.681859909264791
2000-03-31,-15.906980044366374,11.41984514840177,2.4982606353721213,-5.405090631738274
2000-04-01,-15.79586470725492,11.095748913493042,2.725611447280092,-5.890742610997075
2000-04-02,-15.758517163239464,11.203276122248624,2.948014690423081,-4.963984055369664
2000-04-03,-15.55993044153358,11.945549368466574,3.191447075421074,-5.050220422155665
2000-04-04,-15.906257644469687,10.73247253306631,4.39086937436881,-5.82830228119481
2000-04-05,-15.393265813460598,11.798244554585834,2.91150706285224,-5.965543882895526
2000-04-06,-16.054803248446795,13.09973917991259,3.6983820681026485,-4.926377434585128
2000-04-07,-14.453561812473446,12.505152868869406,4.068052866735334,-3.943850101715494
2000-04-08,-12.843908148091465,13.094869578934357,3.8168189694332497,-4.553558488178962
2000-04-09,-12.53957253844486,12.299644514529088,2.954450799440699,-4.413586989489008
2000-04-10,-11.487090397859037,11.627217741859639,1.517441713845556,-4.127323221146359
2000-04-11,-10.61319875964842,11.719099671279665,3.916338440981792,-4.4259422752829565
2000-04-12,-13.247798614196837,10.361888317510614,3.180106194696835,-4.797287328649966
2000-04-13,-11.95762748512768,12.079184581269754,3.933086641815475,-4.6970974742403815
2000-04-14,-10.380323078505622,11.781503170921965,3.644854256444865,-3.13463878204093
2000-04-15,-10.74867564136657,12.481720501073248,3.639453526776614,-2.481599532206595
2000-04-16,-10.915563117714488,13.205908715303634,3.260877900049784,-2.1650221737814435
2000-04-17,-10.84676565160051,14.7140003903684,2.113995793525076,-2.300872401616049
2000-04-18,-11.2166593993566,15.244026380354343,1.914921376372615,-0.9569762415230094
2000-04-19,-12.267775760842287,14.838376748940084,2.0789691653541924,-2.744339628009702
2000-04-20,-11.879590379645071,15.24419791277458,2.4691432225511663,-1.7338735394839813
2000-04-21,-12.035576204106247,14.182505466105903,1.7326474971063224,-2.0544473787640394
2000-04-22,-12.021260546497748,14.895475547688036,0.7295153425333587,-3.2501365373324393
2000-04-23,-10.470614930387843,15.443645998278788,-0.9173691279217946,-3.002993509172067
2000-04-24,-8.690305757478631,14.871378878386636,-1.6974512095162657,-3.910679137099957
2000-04-25,-7.716577239152953,14.648067898603525,-0.34531901801839227,-4.347266768222557
2000-04-26,-5.543219160058394,14.983908328476279,-0.3463120020944083,-4.2457510023522715
2000-04-27,-7.516594355383305,13.462720126577242,-0.7566796182262981,-6.12197949898523
2000-04-28,-7.31081535632433,11.953137685344352,-0.3214528095753632,-6.900013815332591
2000-04-29,-6.3537854725739065,10.66098360597106,1.2436762222641213,-6.551119599954889
2000-04-30,-6.9617599699985995,10.316436011921134,3.295102215767467,-5.571185343114014
2000-05-01,-7.271732438137392,9.878605745704546,3.140927244554379,-6.606727447305324
2000-05-02,-8.35024799198835,8.493523858914767,6.202489258406281,-7.2268151587677245
2000-05-03,-7.194750100283525,9.010890521937503,5.37384762948036,-6.973164246062421
2000-05-04,-6.645430089598193,7.975695953730065,7.140225669968805,-7.273110308275926
2000-05-05,-5.8773709776988925,7.29453683030554,6.316047574091834,-6.683669009191739
2000-05-06,-6.997708190276057,8.166505767723194,6.732225250918619,-6.0722323556583255
2000-05-07,-6.59239276691052,8.381248315444907,7.12895530411155,-6.473011806183782
2000-05-08,-7.00347386572572,6.860332525749172,6.2712138347616015,-5.73877356685749
2000-05-09,-8.182979231860015,5.131884272160393,4.094930977911639,-5.504292544450061
2000-05-10,-7.369521247802208,6.76188538557027,4.474466022215848,-5.290662732224552
2000-05-11,-7.082380990928978,7.6616415064005565,6.172780195864856,-5.266754695322937
2000-05-12,-8.892660707457196,8.322371987666452,4.932305133773501,-4.0769590397199265
2000-05-13,-9.569887430409569,9.587004117328803,4.648771891996063,-3.997512829497284
2000-05-14,-9.589249575966301,9.761017001094785,3.7256666525308555,-5.334891162298488
2000-05-15,-9.344729144673705,11.061870148044271,3.351708514896167,-5.826263627887709
2000-05-16,-9.234739763186065,10.896611213592236,3.9051293458457272,-6.8289128495324345
2000-05-17,-10.724621860055786,10.723707101269056,4.9463279783607605,-6.996014730127937
2000-05-18,-9.930049265186552,10.155044653926808,4.447548944948304,-7.735892844607199
2000-05-19,-10.433733197771641,9.321906274554872,5.218191242355878,-7.81013972847723
2000-05-20,-10.35485038243533,9.42512821493768,6.010504810077344,-8.469008186569047
2000-05-21,-12.442578539473153,9.750684065844402,4.835490515605477,-8.997472288472727
2000-05-22,-11.106425537459582,8.81360043814851,4.924071255364781,-7.3220785973682405
2000-05-23,-11.558001031802357,9.707339195530388,5.275109951679326,-7.589067340425731
2000-05-24,-10.936740508847377,10.856045728685844,3.6400359363458623,-8.710672802383305
2000-05-25,-11.222932857567878,11.634641208147489,3.8818272196403942,-8.934786942777523
2000-05-26,-10.715337990147543,12.138217792638077,3.5526000628531698,-9.30684115188959
2000-05-27,-9.2061443235515,11.878110942091086,3.7007828936095235,-10.489659386252255
2000-05-28,-9.00655968615014,11.205373191450864,4.322133259156039,-10.680633493984816
2000-05-29,-8.647107104179405,14.147794533242898,4.099809129770531,-10.700144254405062
2000-05-30,-7.175161876274121,11.907445703031225,2.479359708259059,-11.045056789024565
2000-05-31,-6.954055783667339,11.934620940530284,2.56269998235275,-9.394002873885661
2000-06-01,-7.569212646298662,11.96806222672935,3.4018026459594592,-8.592164055799397
2000-06-02,-6.642188936257284,11.539467204720463,4.189198838570396,-9.24249550762759
2000-06-03,-7.027883370285478,11.73464641501706,3.5661066912416235,-9.710314891469151
2000-06-04,-6.742871606141921,10.280518355746938,2.668335448244323,-8.728127197847593
2000-06-05,-6.926070170199454,9.05531148664216,0.3450672757843134,-8.361150917839193
2000-06-06,-5.518194965199255,9.134887858827636,0.0429752702516627,-7.62962925940162
2000-06-07,-4.924149863965032,7.68574061693123,1.455610444473837,-7.561523224099251
2000-06-08,-5.460614197364872,8.013515567691678,1.2209543046935742,-8.619080985586315
2000-06-09,-5.788441389539492,8.503305312478526,1.0469355744990412,-9.010997065778101
2000-06-10,-5.821314243994123,7.130806896132305,-0.6634962602315841,-8.573580242882663
2000-06-11,-5.700474933094517,6.010487141688599,-2.209707527600804,-9.218927778104225
2000-06-12,-6.034645104072222,5.482935917843705,-1.4170139874383652,-9.05082034797724
2000-06-13,-6.256305835388523,5.665787747224125,-4.0227720121560715,-7.594772044840846
2000-06-14,-6.260983126684104,4.553801032978358,-3.6887642416840376,-7.324827377699767
2000-06-15,-4.547895924182476,4.792978908419121,-4.678437150121756,-7.099812318712821
2000-06-16,-5.537590288515106,4.405156284897906,-4.563950066040211,-6.315371676377265
2000-06-17,-4.044288474348459,5.946724176455373,-3.0423581212021604,-7.6577017663230835
2000-06-18,-4.335858503810022,4.842978730414858,-2.776857203472531,-7.503214887147557
2000-06-19,-4.507037898171245,5.321711536339083,-4.025947734843363,-4.162183496712569
2000-06-20,-3.6642438122079817,5.283647435497991,-4.3155535484591345,-5.2789885119003195
2000-06-21,-4.716949703652678,5.418576568768519,-3.4003102463705046,-5.382572770313384
2000-06-22,-5.783411539233565,6.626013683131485,-3.5106899085998333,-5.103881533406837
2000-06-23,-4.874542397584375,7.422400410428894,-3.377849842029604,-6.796274098025078
2000-06-24,-3.6889916382961254,7.350556953166331,-5.162707706197678,-6.256780270362545
2000-06-25,-3.8482791374313647,7.775605678981372,-5.145892275248031,-5.098774460623638
2000-06-26,-4.147227916287682,8.964035739282505,-6.719357308684012,-4.5431528109518595
2000-06-27,-2.603337794654661,8.662893566912263,-7.482382818834616,-4.308032666835748
2000-06-28,-3.446296163789903,7.858409717893294,-6.979541288408385,-5.693491053957223
2000-06-29,-2.7264014518158333,9.171481974241853,-7.382655408099455,-7.431997032931239
2000-06-30,-1.0433258317385796,8.4664544007449,-6.609644389672964,-7.615793126724942
2000-07-01,0.18014919491409764,8.893588085133933,-7.584081478533323,-7.544655729941852
2000-07-02,0.44097233878010733,8.187705311309413,-7.24493652990149,-6.812187825964032
2000-07-03,1.9652529429141898,7.593044909377477,-6.109173963200837,-7.091673159680164
2000-07-04,2.7439522063186974,6.771336150400572,-6.164107309135204,-8.049079807092678
2000-07-05,2.5152424655957777,6.881974630924682,-4.726002972036395,-9.16349745409375
2000-07-06,1.7801352799051473,7.2014087039392685,-5.528231903648381,-8.140212205804598
2000-07-07,3.1352578274711327,5.734285474278959,-7.002869845447533,-7.528034435525841
2000-07-08,4.184695012016697,7.331812195499003,-8.236829224300866,-8.117034663719656
2000-07-09,4.429997849019034,5.611992602708198,-7.91780365452574,-8.722934302176604
2000-07-10,4.543416719627448,5.497459331460249,-6.653658494126011,-8.323808139777954
2000-07-11,4.106473736443645,6.075556297901407,-6.889972611754743,-8.086600545088144
2000-07-12,3.7778592559357147,5.722676210013733,-7.2267113353953425,-7.414306702603696
2000-07-13,3.7809561371678573,7.176967404473118,-7.430724699597627,-8.001982972605614
2000-07-14,3.6015832028441492,6.565776990748766,-8.192222705314219,-7.247921413628205
2000-07-15,3.0467008037978816,7.874577544270351,-7.416128978354876,-5.903205850404774
2000-07-16,1.7387676214318841,9.420757097738658,-7.590330153221605,-4.215386937135881
2000-07-17,2.4937710739658723,9.33752244739174,-8.632959373595448,-2.498685648878765
2000-07-18,0.6308243374316997,8.447670267555889,-7.88330258214025,-2.950420028697347
2000-07-19,0.9875457757142458,8.83748295392528,-7.427408390588928,-2.670605635635574
2000-07-20,0.9205370636826495,10.07982956144533,-6.160116061882536,-0.9309310250172544
2000-07-21,-1.577394301797398,10.852565558448925,-4.710328942375169,-1.8706601733016985
2000-07-22,-1.5167198194337776,12.63466291637635,-5.234855200941508,-3.708522897447235
2000-07-23,-1.4570906509899948,14.233175111387968,-5.608209919027225,-5.826292041954641
2000-07-24,-0.5995981387326642,13.481065412674534,-5.684090358357858,-6.006589986371508
2000-07-25,-1.4058080567029374,14.072180256741353,-7.295859130409953,-6.577587073442975
2000-07-26,-2.4917518932242775,14.838794502236938,-6.942171322737068,-5.397058614949871
2000-07-27,-2.2232347017938774,15.728429390651653,-6.791858470164276,-4.241565314968651
2000-07-28,-2.5384673896883916,15.15926504162748,-6.852158620017971,-4.509274950554307
2000-07-29,-1.0740635923436768,13.443824055296549,-7.303229288957795,-3.687619865588861
2000-07-30,0.43174145351021465,15.087654755456807,-5.772373897742087,-3.6917885768130616
2000-07-31,1.2360327989417719,14.501193743554525,-6.708535313455081,-3.5868934137815023
2000-08-01,2.804929150986844,14.479402969038299,-7.416132989503465,-2.8275516426727534
2000-08-02,0.2213518128446479,15.538356231209592,-6.594326675457496,-1.8719565059530936
2000-08-03,0.08654196561228947,15.219265673074442,-4.989534269437275,-1.8743650008950254
2000-08-04,1.0252585279196842,14.979863455697645,-3.8755044563960235,-3.2737249456882953
2000-08-05,0.8523260153051235,14.797008608544592,-2.4074504557074357,-1.579400174740348
2000-08-06,-1.270404809112362,12.58540046460889,-2.0666441011722037,-1.7137047917363968
2000-08-07,-1.0313636834825883,11.9590229157384,0.033095097761821624,-0.9821200466531242
2000-08-08,0.05995092121512058,12.903474993047912,-0.32117602304742016,-0.17351211050112458
2000-08-09,-0.445939050724275,13.855702817045406,-0.8547906298644097,0.539195293840727
2000-08-10,0.33056046639562164,14.395330337345195,-1.5718204375260438,0.6712030704036178
2000-08-11,0.43494516042853576,14.870392785658826,-2.9184042906252188,1.7890663338573998
2000-08-12,1.0086697691246351,15.180713835067333,-2.7069679268495936,-0.5637393232441059
2000-08-13,1.0498299096139878,15.9627262082778,-3.0665424461516126,-2.356823713044803
2000-08-14,1.1219697694947794,15.583405745136305,-2.512287657242827,-1.3516959859603446
2000-08-15,1.588526751314011,15.645566057430285,-2.9078613247674423,-0.9196533158829205
2000-08-16,1.8294432295748728,15.675496243914885,-3.8607528201842243,-0.9112406119341729
2000-08-17,1.451064455015513,15.518657797580678,-3.0597998658780967,0.30695120279449095
2000-08-18,-0.2995449588897978,15.305118650341765,-4.588608633699048,0.23924919213370252
2000-08-19,-2.1400639615194077,14.942003441140228,-4.92279707348603,2.1568234245732985
2000-08-20,-2.1863161540315947,15.348943552798339,-4.00124062417897,1.6484428617648805
2000-08-21,-0.8680947255135523,17.20218337513249,-3.7653544827756944,1.0581492534985424
2000-08-22,-1.5348681041426553,17.18043215104298,-3.7850632146525967,-0.40369648323337426
2000-08-23,-2.050016252887964,17.443460691847385,-4.787289795239901,0.8391462814350454
2000-08-24,-2.4477281050331046,19.39161162174271,-5.198840858718033,0.014403771111836439
2000-08-25,-3.377702228438588,18.95645372355209,-6.629072080614826,0.18202463653588055
2000-08-26,-2.49905162236421,19.594839447257385,-4.876182201628575,0.9261883030890583
2000-08-27,-2.798285293872128,20.521894024123597,-2.8962077831687862,1.9429454357716833
2000-08-28,-2.252379471385163,19.5670629509432,-4.021197893715266,0.3593599082858787
2000-08-29,-1.9577052801998893,19.221429298775213,-5.752900084753545,-0.3227597484277617
2000-08-30,-1.2905939676891403,18.279958213865488,-5.9725056504043135,1.0521028308898868
2000-08-31,-1.5036266124260154,18.049976087634484,-5.971359252138425,0.38979778541894805
2000-09-01,-2.182818701939351,18.430744065948907,-6.125873706100384,1.005302597522476
2000-09-02,-1.8169894961243107,19.800181774297386,-4.808941580370725,1.4200092160599027
2000-09-03,-3.790064422123235,20.30121892324356,-5.338270261181852,0.446134075666333
2000-09-04,-3.893292545703738,18.651607771984175,-5.79363809084791,1.7713503240483826
2000-09-05,-4.441509445983976,19.186035258587474,-5.037749982824999,2.2290578391486333
2000-09-06,-2.9220971847203714,18.272758618265385,-5.858682293158189,2.156680393580512
2000-09-07,-2.99006253531574,18.089266306235764,-5.352087785195752,1.8983414489121286
2000-09-08,-4.016341837505717,17.588216250548225,-5.044800314410083,2.6267596324757845
2000-09-09,-3.6662589668903016,17.069928784680584,-4.794167804005487,3.0432000097971437
2000-09-10,-2.183653175512512,18.095492684851777,-3.8113543277575612,3.3068117025598154
2000-09-11,-1.647931249165743,17.546141541961823,-5.186024952972311,3.2167980970355816
2000-09-12,-1.8109901228337273,17.215855911748253,-4.221968912203482,2.0570904265382155
2000-09-13,-0.9658649252917396,17.93924378059943,-4.256658223859289,0.7179046194011176
2000-09-14,-0.9725594489242264,17.97562788562031,-7.379234560869343,1.3049616694750465
2000-09-15,-1.0836658445819218,18.193017903576216,-5.729309659396584,1.5943009758445776
2000-09-16,-0.8994576777294068,17.971225878979084,-4.99806492480065,2.8706448185341378
2000-09-17,-1.1153368751085058,16.20525877179277,-5.26779252395616,2.00585855864038
2000-09-18,-2.1477587267142626,16.784738285764426,-6.5220596962754325,1.2925310436809592
2000-09-19,-2.2071897376886165,17.387778259888442,-6.394803833065867,1.1751755413892968
2000-09-20,-3.501502485557843,18.18634706895599,-6.906421366248721,1.397600682839217
2000-09-21,-2.308551464591021,17.427108383354582,-9.09354248643813,0.15339474031634115
2000-09-22,-1.0701401556479135,18.83736433252511,-6.953599574084335,0.9743890058660301
2000-09-23,-0.8985706856068325,20.551883051813196,-6.169938345318877,-0.5298775191490777
2000-09-24,-1.6455796896496229,20.563382262708686,-6.978956787263197,0.44360175611320574
2000-09-25,-0.13115171078247823,20.220939008934177,-6.379888120275255,1.8859981108748467
2000-09-26,0.6351081171345668,18.403811686353873,-8.103225822119892,0.22188751359196357
2000-09-27,1.468076527629341,18.92450142601526,-8.26739002361022,1.0788304260794999
2000-09-28,1.3582110442876878,17.416883553280666,-9.435395283962041,1.986848500630041
2000-09-29,2.4830368439608828,17.392227458840352,-10.18981252784534,2.461999895415432
2000-09-30,2.5646647526224107,17.166677454801743,-10.705998664744829,3.0475722571158297
2000-10-01,2.318183559072491,17.37923789579813,-11.543426641081986,3.2742251129008304
2000-10-02,2.2673629903991954,18.017930000164508,-10.329764841533914,3.771717894560969
2000-10-03,2.2821250652944274,17.59938766611318,-12.688665075842373,4.533578479922197
2000-10-04,1.9537563910141886,18.280884042954593,-12.677740486319927,5.651653499373216
2000-10-05,2.6708780102858456,18.53464119514264,-12.667228197650314,4.926182857308405
2000-10-06,3.5239592538495064,17.722761440794233,-12.636421232165784,4.529264940620563
2000-10-07,5.669843336359204,17.24736048194421,-12.143758760327167,4.729290003678257
2000-10-08,5.881240172204071,17.109282241753437,-12.783359278337922,3.6692899462379964
2000-10-09,5.808475835361798,17.816107217666055,-12.222807179291058,5.0254274423995895
2000-10-10,5.423207982175115,16.451703023624155,-12.081223541905134,4.6329167485806435
2000-10-11,4.199989242036962,17.556850945680623,-11.994332081682487,4.606869265821339
2000-10-12,3.9897784265774536,18.176680059677576,-12.453979549200103,6.552219822353851
2000-10-13,1.8623944959792356,18.852103057042857,-12.97646615383247,6.925669658115473
2000-10-14,2.6980609594962455,18.819486069140478,-13.568514420994685,7.363588806261471
2000-10-15,0.1727141179540066,20.31241484801557,-13.046501615373597,7.038095654628197
2000-10-16,-1.031186046535925,19.61999586920552,-13.099578640813114,6.102834979392837
2000-10-17,-0.9762789703246271,19.439891793610457,-13.062246404327091,6.164550197322261
2000-10-18,-0.11674086090179003,21.43819794767136,-12.43305285978783,5.5358704218138515
2000-10-19,0.28280070020831605,21.271174436272656,-13.391697073018287,5.438736206219958
2000-10-20,0.24974037177323852,22.246559486894064,-12.58803561918297,6.153858277022102
2000-10-21,1.3537555213730414,21.77621251228324,-9.955988945400463,6.507240495423587
2000-10-22,1.1418082105011498,21.242105038114108,-10.230507327881284,7.70950488610684
2000-10-23,1.4939173258423633,21.049704535789726,-12.433908507933372,7.794060779513258
2000-10-24,2.9108810525981186,20.475241685671875,-11.215142593413482,6.439130916474658
2000-10-25,2.821023153845384,22.98940488990611,-10.85447117485065,5.685287999486562
2000-10-26,3.0509531892416777,22.86163997113724,-12.09926580295123,5.968946378677972
2000-10-27,1.288293198544962,22.799708861034603,-12.08090135960964,6.637961471609623
2000-10-28,1.2627298085369838,23.15965719489994,-14.51753329646112,6.2308710477915294
2000-10-29,0.9221973438991244,22.50971547565691,-13.143985717285176,4.971925013221182
2000-10-30,0.7586336267537316,24.647005252401573,-13.444375820013219,4.82058626385073
2000-10-31,-0.1922327850364559,24.828803678704272,-15.18217742550424,6.9827832377909616
2000-11-01,0.43490381043317206,24.931733602710597,-15.733875096144407,8.820205789248504
2000-11-02,0.5359421939952913,24.880529752538646,-16.868496902465466,7.127762154897544
2000-11-03,1.4835382449356154,25.69514637065292,-18.98700454981217,7.351438177062347
2000-11-04,1.5468013773073508,26.42715264944149,-18.349758700282603,7.874115270465646
2000-11-05,-0.10207278210876036,28.11596724090649,-19.345718115673396,7.641344918085137
2000-11-06,-0.5829644555443838,26.793091568310487,-20.363746479673097,5.861150715614802
2000-11-07,-1.761880986906606,27.454215017335766,-20.161285850067806,5.3697993485690745
2000-11-08,-0.7686998109247557,26.805696714482977,-20.70066195002804,4.682603819932632
2000-11-09,-1.42567762975961,26.85282586467279,-22.98542305574722,5.476432777482918
2000-11-10,-1.2424212761364835,27.127264624387788,-20.059317559645425,4.716368557212714
2000-11-11,-0.8578788301184782,27.151032132483046,-19.699006631746528,5.547408188682441
2000-11-12,-0.5338724769139098,27.830439741705458,-19.05209532929264,5.28473549841681
2000-11-13,-2.9701532723958146,28.450877007027316,-19.783784688635112,5.070032785259067
2000-11-14,-3.3783204825779656,27.956357384435076,-19.54210823732053,4.672896657041603
2000-11-15,-3.669375558615887,28.211342092486564,-20.573032349971143,6.033094364530105
2000-11-16,-2.60631941164569,29.494800518054262,-20.150116513744653,5.359040193388238
2000-11-17,-2.517132209106399,28.241193045161456,-19.423507832342324,5.6972123958717305
2000-11-18,-2.3230048439138464,28.78479936616175,-19.53447157671532,5.183597591930981
2000-11-19,-2.9983430836963096,27.22470195944495,-19.68744115341975,3.452447500234542
2000-11-20,-3.809727483056923,27.030109677421432,-17.603956583776203,3.64289691812391
2000-11-21,-3.049409731245257,26.767830132807934,-16.064786602300607,2.7939520044431925
2000-11-22,-1.744979276924254,30.102691487535974,-16.438823804412706,1.531834257570456
2000-11-23,-1.9414138236977403,30.198593749825477,-16.364878844185597,1.6585484829031258
2000-11-24,0.055572392342726706,30.212417209664693,-16.0305005656489,1.8395650958632146
2000-11-25,2.154577576828107,29.400270977643398,-13.966426577145072,3.17826442015191
2000-11-26,1.7249030323244927,29.251934237552923,-13.449200358243457,3.196229677874167
2000-11-27,0.5443753054135001,29.52215469710086,-13.175068549706916,3.233220493444474
2000-11-28,-0.5410252467957846,29.87466770007559,-13.297284523542992,3.173935429759702
2000-11-29,-0.11008349893435865,29.974085343865188,-11.915744618221806,3.15161765518193
2000-11-30,-0.6492414775879544,29.1041259934245,-13.517840729323607,2.357865107743237
2000-12-01,-0.3333559418928135,28.799468195181984,-12.126278763116524,1.8068799147239092
2000-12-02,-0.7141917990206464,31.07661201190478,-13.160775758079447,2.9742570330782154
2000-12-03,-0.44371944927940016,31.985164656006397,-14.928035864992914,4.717170709050376
2000-12-04,0.8713158255866191,31.626252253564797,-14.775575898772187,4.533098775585142
2000-12-05,1.2144202766324064,29.781740888193816,-13.599121115840555,5.001326079005979
2000-12-06,0.9596306014626835,32.365894060930124,-12.591452262969273,5.1438871434039575
2000-12-07,0.01770156909624432,34.36478209875386,-12.308209523918766,4.3721050860325805
2000-12-08,0.16686382199630362,36.183226728661566,-13.97434208516933,5.9346412876590815
2000-12-09,-0.6123133307886321,35.13741066336521,-12.850202511019164,4.681282692394343
2000-12-10,-1.6505268896831236,35.446242543100546,-13.626822450712675,3.2278749276172807
2000-12-11,-0.35341477998654613,34.12575286119002,-15.377709291242178,2.9069862940983695
2000-12-12,-2.0532568699187665,36.65628409534867,-14.658052438193002,2.096457004221543
2000-12-13,-1.0612127942303704,36.31792394723547,-14.915389721640468,1.9349300528538698
2000-12-14,-1.0537311675320882,36.95131615946142,-13.39266149851132,1.6795650126314123
2000-12-15,-0.5090062649343718,37.64281949469019,-11.975872567968022,1.41424831846983
2000-12-16,-1.153596424956472,35.64928142254017,-10.639816817798378,2.479533097547992
2000-12-17,-0.5928057835268581,36.051763385957166,-11.060450256214205,2.130972396312497
2000-12-18,0.08087293296496079,37.74811920398195,-11.105223559258267,2.5184641937336387
2000-12-19,-0.23877154101084413,35.74308292452011,-10.401431959696753,2.7143346249327207
2000-12-20,-0.15820229726480617,35.0362033586785,-10.78798305808509,3.022766099367764
2000-12-21,-0.9678682500209984,34.63612191642726,-10.078622539887263,2.1597287619408974
2000-12-22,-2.1584128995344436,33.63733131570367,-9.898671007494261,2.695801916813442
2000-12-23,-2.641690836784475,34.178023328659734,-10.523585509144334,2.2039307334180216
2000-12-24,-2.4763046627803855,33.91894362682321,-10.87757074849188,2.87014527850463
2000-12-25,-4.271712381199789,33.33979156230532,-11.511499666901038,0.917584481138499
2000-12-26,-5.26386088731144,32.561098520875426,-12.04265484496606,3.1599934122981375
2000-12-27,-3.7063036941737963,33.839130447509916,-11.25846995522865,2.6051098948663984
2000-12-28,-4.220352011014325,35.165389130013736,-12.257156226640753,3.9328424212486928
2000-12-29,-3.3686067731017597,33.78317881764713,-11.798911733879915,3.3648373314556435
2000-12-30,-2.184982901593375,35.499482348025694,-12.772745195120182,4.06385858271242
2000-12-31,-3.7646660344804705,33.26759788137931,-12.89998225918471,3.7315245724287673
2001-01-01,-4.061240176385014,32.196460851057076,-13.481618142163171,5.951503029520931
2001-01-02,-3.4116040598116206,32.96893128613814,-13.949762989983974,5.503116052741257
2001-01-03,-2.5525573915160873,33.06338220436488,-13.047967839612133,5.586832873435555
2001-01-04,-4.030971269766193,31.70843864621462,-12.513136743895606,5.570933098213907
2001-01-05,-3.1863588210381018,30.571133660205778,-11.833455668890487,5.510145251881473
2001-01-06,-2.9506464494129245,31.236317733224798,-12.465872374007102,6.766008667723017
2001-01-07,-4.479744278058515,32.424892153730646,-12.68914285315146,7.0038699066630326
2001-01-08,-4.59000838743195,31.952265663072552,-13.77081637278534,4.800041607169209
2001-01-09,-3.8851536382464973,32.975298707592174,-13.915780976970801,5.612788276799083
2001-01-10,-2.1282150878189334,32.134847671420395,-15.118505754963032,5.5652610328223195
2001-01-11,-1.9543284058413368,32.94778046764924,-15.054365492638937,4.246768156150176
2001-01-12,-2.7142493390818623,33.08647703151531,-16.052255020574282,3.4851194445627227
2001-01-13,-2.7100526673267007,34.34627517718248,-15.584088523247814,3.362216165561989
2001-01-14,-3.1440632204912866,34.46102299298725,-15.200026672372726,2.6643721161375535
2001-01-15,-2.5230554221724817,36.07511727653123,-16.67506105124247,0.5607260931427462
2001-01-16,-2.7404209974160567,35.2199296037987,-16.9459453686993,0.8561172091360698
2001-01-17,-1.0494068062754374,37.169606492801464,-18.381538072982902,1.2300675476120648
2001-01-18,0.733006163259869,37.23478943079708,-16.820203772973883,1.8348736867549709
2001-01-19,1.121601650054067,37.30452386129058,-16.32225921430582,2.210213489176542
2001-01-20,-0.2187410472274356,37.259624372211576,-16.17215949693664,0.21677800952836557
2001-01-21,-1.1548070948292386,38.23617057203474,-15.313688396582851,-0.7499020059970568
2001-01-22,-1.8259717672937938,37.319171337272884,-16.241554375950656,1.5548857825607718
2001-01-23,-2.5078534670288235,36.870115302317586,-16.639084980038312,2.2635105520252923
2001-01-24,-2.4974106418509883,36.5834159481048,-16.47750648163195,2.965867378392307
2001-01-25,-1.6713412114758408,37.74514801223007,-15.721256804117457,3.3043294600652633
2001-01-26,-2.360750110554234,37.166325649853576,-16.592677838424073,3.4414010983870136
2001-01-27,-2.340565453371052,37.426942716385774,-15.853296892564057,2.827009674550899
2001-01-28,-1.6295260967523688,35.387749984355054,-15.064005725875889,3.152524365787658
2001-01-29,-3.078105837259621,35.81054262261981,-13.646320626486165,3.1109701491095363
2001-01-30,-2.5264589723055657,34.87991585082262,-13.903392540709646,3.1987083596968464
2001-01-31,-1.2902741939565667,32.44460090017543,-12.95528294369114,2.627322436748398
2001-02-01,-1.089342889793522,31.950391057981353,-12.959445559607307,3.0946114481179294
2001-02-02,-1.5032468718440244,33.21475184471602,-11.999141215135943,2.09524003273798
2001-02-03,-0.6898235290680772,31.613442727498395,-11.912256577305984,1.9372540694359914
2001-02-04,-0.46330874577193937,32.088349232972085,-11.050430023944882,0.32281732927306606
2001-02-05,0.2643133870081067,32.77961150843103,-13.223468836734334,0.2996283413059505
2001-02-06,-1.10023233503244,32.09210920381303,-11.941966269166494,0.46000796587138515
2001-02-07,-0.7386974371559196,32.8634430879986,-12.351543337592691,0.40651437628602244
2001-02-08,-0.9606996958801306,32.999223569846706,-14.603902511918609,-0.6828482782665168
2001-02-09,-1.8195059955479334,33.93072964553307,-13.797532202279125,-0.7007691026444679
2001-02-10,-2.330679644883975,33.314235935162515,-12.146718338326899,-0.654001507041227
2001-02-11,-0.5779087107886951,35.345012766204384,-13.77538031560252,-3.5955142437082457
2001-02-12,-2.556353937689484,36.19628106293678,-13.712087426525587,-3.850849275437655
2001-02-13,-2.47086415126603,37.398260311926094,-14.425748627884257,-4.282548800466264
2001-02-14,-3.1696305987960463,38.037272965293226,-13.866262632637675,-3.8355882262162444
2001-02-15,-4.186856073899022,38.47399520319769,-14.37661112233247,-3.311797684874253
2001-02-16,-3.353851598719289,38.13143457736344,-14.732481726809068,-2.03436586853615
2001-02-17,-1.817764985334456,40.63353768131669,-16.07942190081667,-2.437033030372129
2001-02-18,-0.8839004093487759,41.391599472439005,-17.59945907704386,-3.292563932850154
2001-02-19,0.5461803057007262,40.754856074395335,-16.724088042185564,-3.3187032668000134
2001-02-20,1.6252843921223008,40.25052901255239,-15.496716846244327,-4.494366663292176
2001-02-21,3.80041825246985,40.088609287491366,-16.205737675524844,-4.958881281827554
2001-02-22,4.713014054757466,39.98297495445879,-15.241355266096349,-4.931329001655804
2001-02-23,2.767246355802044,39.820341175032794,-15.147689065891656,-3.692960162126465
2001-02-24,4.902386916861394,40.40217516481333,-14.010711483306737,-3.2603169513519945
2001-02-25,5.455408077260574,42.36521902645712,-14.289969076076584,-3.7141822436368157
2001-02-26,6.0529428843303865,42.27077947429563,-12.736183469704558,-2.615313636922796
2001-02-27,5.32917341718673,42.112860855023754,-12.77414675313215,-0.9944310044005662
2001-02-28,5.983007944080803,41.48439114878795,-11.416888676359982,-1.8983199039446665
2001-03-01,5.531342493991834,41.69282032388881,-10.11632030816538,-2.7901226334636893
2001-03-02,5.522649041064961,39.68666159199435,-10.119396716003308,-3.162502992283966
2001-03-03,5.874031264509636,40.95580999627761,-9.814400565821101,-3.6097297815506484
2001-03-04,4.643840542958243,40.74746810267165,-11.039618171253988,-3.5586751408941084
2001-03-05,4.916241964926847,41.0391262800227,-11.745855021979478,-2.3572960937294343
2001-03-06,5.123184692974377,43.33872233198963,-12.224929791878141,-2.7783208449826904
2001-03-07,3.8553895595914067,42.817734651463766,-11.320475327437329,-2.204244432641171
2001-03-08,2.7754195158826667,43.47366901550393,-11.087655393960162,-2.3705681287435394
2001-03-09,2.0361351332135076,44.17463012578363,-9.469952190029147,-0.37063593636094727
2001-03-10,1.8194559880997858,44.14716545223151,-11.343227241837166,-0.5064962233005956
2001-03-11,2.557605335288118,44.73192193204432,-10.190272558292094,0.5021964827574272
2001-03-12,2.3623097236909407,44.08842846452768,-10.752817552331155,0.6307679950136619
2001-03-13,2.6550974874379794,45.219408271831504,-10.88870741322175,1.477628982109226
2001-03-14,4.9778992726523335,45.86549499381183,-9.047344622464443,1.5856354808896471
2001-03-15,5.715346721108501,46.01172057492014,-9.956464861093972,3.981432960971986
2001-03-16,6.578422309306518,46.2478902571804,-11.08932518259216,4.555002523699479
2001-03-17,7.883134847872316,45.14267594174288,-9.86732536980815,3.826692343651715
2001-03-18,8.319998474254623,44.68642984020542,-9.932375868875658,4.094397413170328
2001-03-19,9.057179631026727,44.010781940377804,-8.823761053267232,6.152324848843763
2001-03-20,9.691440723131533,45.505118263521474,-9.291604069464261,6.819189643477448
2001-03-21,8.341433752441324,43.94055826362419,-10.01655391821506,5.821877895538663
2001-03-22,5.690556112468299,45.032617561977325,-9.508782825156189,5.758304359619157
2001-03-23,4.638948625705524,43.53765404959843,-8.695551994277615,5.522865019623702
2001-03-24,5.86035211132807,42.732927845956894,-9.832475408614297,7.186630009745535
2001-03-25,5.0397014742797,42.574863722077204,-9.679739687849132,7.443592291274415
2001-03-26,4.584426162558659,43.68983685286857,-8.825688014344667,6.303750079411978
2001-03-27,2.779382559416524,44.64468286668543,-8.645482531138674,6.854930763365137
2001-03-28,3.7575740406815443,43.80441155253681,-8.62355364506626,7.326633158630264
2001-03-29,5.484336637101153,46.015925384667355,-6.300707267816808,5.824951710378931
2001-03-30,4.938024761488732,44.274401604658905,-6.0330850088270385,5.25421352771795
2001-03-31,5.309556065229921,44.239343339157394,-5.743001762783057,5.846433794204389
2001-04-01,4.5540341846835135,45.0656012035017,-6.642710566252098,6.198249895606045
2001-04-02,3.152842673363936,45.00433921342532,-5.719946239193838,4.842840644878436
2001-04-03,3.5350512019367772,46.239331827410425,-5.280904316361663,4.5757223084875065
2001-04-04,3.1982614700245766,45.60605083903477,-5.810059826679689,6.4084326180492095
2001-04-05,1.4903313372213483,44.87929847565848,-4.654594291489207,8.366426757012787
2001-04-06,3.3617025371339735,44.174520888991516,-6.1725119403701765,9.7114600563948
2001-04-07,3.44546398736188,44.29711815459039,-6.700349701801939,11.302368413014973
2001-04-08,4.808313751062414,42.9220216503327,-6.266624810335918,10.673361595557276
2001-04-09,5.087476003510992,43.78872366620278,-6.938612159007179,10.64451957644332
2001-04-10,5.3659850475963315,44.06574074950054,-6.322893902841616,11.676676812462714
2001-04-11,5.562476195662163,43.74318495643319,-6.514277488912893,11.495132490788224
2001-04-12,6.306411759560467,43.00266029182985,-7.476425753836618,11.426312934847662
2001-04-13,5.243095606247631,41.67721121120791,-4.352579217020313,13.072169275641064
2001-04-14,5.595090076895103,40.275513327029856,-3.510471242668918,12.118589514381767
2001-04-15,4.172636211355462,40.352219148791626,-3.513156884809586,12.814628116813601
2001-04-16,2.568666763256271,40.241576402425416,-2.4857300788652443,12.675531364806108
2001-04-17,1.9501758903778006,40.86514330411154,-1.2293815449664354,12.256707530244523
2001-04-18,2.8486003447228447,42.81335361044015,-1.02898891000573,11.48497784420962
2001-04-19,2.1032322501786065,43.21562651535057,-1.9494465031178394,10.010201701439488
2001-04-20,3.6728645685944876,43.38143041818188,-2.507834052118782,8.843721471848323
2001-04-21,2.536945865685019,44.90674748791905,-2.004439824147574,7.852844109574009
2001-04-22,2.5755369037745113,44.68279213291161,-1.3503313799485017,10.841533954621559
2001-04-23,1.944220994455143,44.03452936668378,0.7589398925822834,11.624841724512377
2001-04-24,2.6580954306279,44.66384073357631,0.34838082764626893,11.497079984924934
2001-04-25,2.8855002056543646,45.42366941592959,-1.8133237652206184,11.674145356173996
2001-04-26,3.658750993923756,45.010765517162014,-0.5707656241553651,11.041804476415571
2001-04-27,3.2365990371682782,45.000109850806325,-0.9075790767445653,11.436457502229292
2001-04-28,4.229933999331305,44.35736262998606,-0.9885741356446898,10.631750941418723
2001-04-29,3.3966078778463618,45.741217960988884,-2.2490786021222355,10.610933018931263
2001-04-30,2.7581255172777057,47.32228491252143,-2.4239562651989064,10.138651709274987
2001-05-01,3.176428404403407,46.29674806465448,-1.7504556456866385,8.834666708731778
2001-05-02,3.16096835365441,46.94389093933435,-3.07554186194532,8.234894613657367
2001-05-03,6.12430383352377,48.30996554714007,-3.8551611661564698,10.040621601436289
2001-05-04,4.990212549807808,49.76140179490179,-2.5373411521864018,10.851887995539844
2001-05-05,5.306663458358096,49.85132868045384,-1.758344757408202,10.243987519216436
2001-05-06,5.932924308993915,50.71761548166607,-0.6641659187130977,10.361083183895413
2001-05-07,5.381316353382919,51.06711524955967,-0.05534560353378226,9.802989289685225
2001-05-08,4.606543692982566,48.82086498384284,-0.47720359909506577,10.195453907906165
2001-05-09,2.590525521365432,47.903427593854026,-1.9491123600048705,7.1352120890823105
2001-05-10,2.529993433732469,48.13027250508814,-2.9791038754104058,8.09016860669876
2001-05-11,0.6286797975838703,48.09635464801642,-2.2011445806515426,8.982934281153794
2001-05-12,0.4262933309564789,47.44659257342259,-3.051812933689984,9.198155886218247
2001-05-13,0.3523885240363468,46.39889155972678,-2.570778141368177,10.490155260642846
2001-05-14,-1.5748795749661975,46.898724624014434,-2.7691710134339087,11.191224475241139
2001-05-15,-0.43796824949943547,46.188225777922554,-3.465384420638558,12.142691282625385
2001-05-16,-0.6050436270673958,45.16723300117164,-5.473636457852805,12.07645863421482
2001-05-17,-1.0620071186488456,41.92635983346293,-3.9810411170699282,13.272794896539143
2001-05-18,-0.3468284851765794,41.22908402410371,-4.061972678333744,12.667906868788085
2001-05-19,0.6590507165987981,40.869177851993456,-4.46220535340154,11.457773511624223
2001-05-20,-1.0029532820423208,41.16891054014466,-4.762037935921988,11.21612900940535
2001-05-21,-1.4693668004979892,40.07027880524442,-3.5462532249004397,10.809502481090538
2001-05-22,-1.215541021238788,40.68212918406502,-5.255116834059855,10.394855418406495
2001-05-23,-0.16525451737029706,39.381491708711216,-7.476131647603254,9.746199694298506
2001-05-24,-0.037896159009061375,39.21181071703089,-7.664002165189812,9.86666946340541
2001-05-25,-1.629674435609197,38.931267090922944,-7.486796014372946,11.479114529902366
2001-05-26,-2.073323350299603,39.802155868124935,-8.230548558110254,13.768720118288307
2001-05-27,-3.1270515500035962,39.170955284362755,-8.264621633496901,14.534395063590393
2001-05-28,-2.917053066432232,39.23418778841642,-7.369073786459143,13.55726725700152
2001-05-29,-2.817918426056895,38.756289881923394,-8.384359492803991,13.762600014768715
2001-05-30,-2.923902362876638,37.66489219882352,-7.124992205730668,14.763412169711001
2001-05-31,-3.5790334807787025,38.506279805118936,-7.128022449336124,14.324043229606692
2001-06-01,-2.5328028064506896,38.430150781198414,-6.706108212689471,13.716607749454814
2001-06-02,-3.3414303552478173,37.85929205933906,-8.220958890241464,13.207767896556335
2001-06-03,-3.6096594743933252,38.34881613585443,-7.239438818876861,12.557631728068802
2001-06-04,-1.7864668707846838,38.73318488384807,-7.548704467643265,13.95231868956053
2001-06-05,0.24240682737781416,39.444491736969454,-5.868116018165537,15.166642657411591
2001-06-06,-0.8068516516354591,39.76336265362808,-5.225350475496414,15.865577634155006
2001-06-07,-0.5100686969109951,38.24255763300829,-5.463882601417344,17.52212703051648
2001-06-08,-0.17348091193339704,38.06945360657875,-5.854995975491312,18.765102782442888
2001-06-09,-2.744216358578139,36.766962212437285,-5.622386844420227,20.259840736112704
2001-06-10,-0.8520241901699608,36.75163661551208,-5.421748523079274,21.34495970524477
2001-06-11,-0.8879717618243996,36.480663792212944,-3.4385067505336853,19.419811453099385
2001-06-12,-0.15304202575151948,37.97995645511309,-3.9498100804768823,19.855433950313206
2001-06-13,0.19778589033808563,38.304412980756034,-2.742549594386072,19.539036216334964
2001-06-14,0.8434329482762251,38.79232813590862,-0.6627479101806215,19.47506997813398
2001-06-15,0.7602616923700664,36.746439003282745,-0.06490437462168619,20.647377269328466
2001-06-16,1.1926260724451723,35.58203937154745,-0.15965125385982654,20.224981515794276
2001-06-17,1.2804227611901975,36.509021436624344,0.5877468863177282,20.65120485444885
2001-06-18,1.089524959078229,37.12986125047376,-1.7248811856778175,19.96573676825289
2001-06-19,1.36301055002312,37.88524681148482,-1.6003065035649489,20.79512143400025
2001-06-20,2.5889988013803045,39.07729631825735,-1.2382925175829025,18.291079533213782
2001-06-21,2.409930099267169,37.70023167958685,-0.7113176673041441,15.490906337185574
2001-06-22,1.5120947854946347,37.863663485810086,-0.6557686412565866,14.053126045534619
2001-06-23,1.0605950166902276,37.18099068651487,-0.5207227316160034,13.870495567909984
2001-06-24,2.7561229443014374,37.23143545485112,-1.0176094031130034,13.79883705596711
2001-06-25,3.0616220639411695,37.06024796897333,0.13075349232257616,14.430995905248047
2001-06-26,3.7714234058276928,38.031931702183314,-1.211954594285248,12.22065223621391
2001-06-27,4.267404735395796,37.961590933189406,-0.26079626766868336,11.932968863358084
2001-06-28,3.472347944724008,38.20732435739497,0.28995965854316774,11.855265273417357
2001-06-29,3.423535412269548,37.20258266889389,0.5740601440015772,12.459995981659155
2001-06-30,3.9072948720395466,37.87928886085403,1.3033935515958377,10.969729306716092
2001-07-01,4.575885589127687,36.094618331525865,-0.8137371081025222,11.924829416512399
2001-07-02,4.21362243991134,36.96541172075053,-0.6200815640807725,11.255147876777654
2001-07-03,5.948011528823426,36.97639743529302,-0.5510025066056221,10.454131759018226
2001-07-04,5.604386534992794,38.116133186299365,0.9140105090862884,9.756659062376908
2001-07-05,5.775525637215726,38.62544062081859,-0.658369303983551,9.44168164827171
2001-07-06,3.617929063047369,39.63535589256413,-0.9485645932704885,9.292852301659572
2001-07-07,2.553171481642674,39.25884582141172,-1.5146425937596706,10.47952622505779
2001-07-08,2.586538656258436,37.94904657266045,-2.555327803824088,9.875876248228046
2001-07-09,1.8560374558851258,38.983519469345474,-3.236457050934451,10.261057268692909
2001-07-10,1.6312470708641957,41.86319930389318,-3.2418434474712092,10.527542656252281
2001-07-11,1.4287596636582736,42.028126295606405,-4.458286528077786,10.033168673958286
2001-07-12,1.7764259035223602,42.491067517991006,-4.35282039317758,9.080697008149961
2001-07-13,1.471665026919889,43.249969197771534,-4.446434965701671,8.434849674526191
2001-07-14,1.1279804974662064,44.65903041260907,-4.125284552325573,7.892978958854985
2001-07-15,1.5923055483020645,45.5011453003572,-2.9611529434212143,9.286189022212534
2001-07-16,2.073839516229458,43.317616852726786,-2.4653744651004135,10.084250341161546
2001-07-17,2.1668981576304023,42.88040870120321,-3.124585928936251,9.053586971614099
2001-07-18,2.6053230663094666,43.19320066767031,-3.293890874073619,7.290879342844321
2001-07-19,2.332309735323698,44.280088454974255,-5.100028550466511,7.517093510559041
2001-07-20,1.9381899538904461,44.07401023508222,-3.866330158415882,7.043722948529215
2001-07-21,1.3964795251700197,43.10726199471085,-5.37321688346727,6.756891451638328
2001-07-22,-1.8138588677947443,44.07511817511768,-4.098501619486168,8.033890333611144
2001-07-23,-2.6251396500356927,42.98527442809204,-4.788932736844976,8.8079889844569
2001-07-24,-2.9518580083675827,42.69102135172976,-4.064539612165145,7.915323360860226
2001-07-25,-1.803395170556966,42.64562521195616,-3.971949248592331,7.043115317157402
2001-07-26,-1.9545548529314385,41.710756561871115,-4.673347065949894,6.568820548720934
2001-07-27,-2.386319506904868,41.15754379286147,-6.114596350182761,6.9521584006197354
2001-07-28,-1.728387570056703,39.39382042238492,-4.592472306620041,9.032789091650537
2001-07-29,-2.816963615722205,40.88697250643371,-4.1629611205336765,7.95638376779841
2001-07-30,-2.0697248418262975,42.63591323808014,-5.632814318445046,6.558478181650447
2001-07-31,-1.7631726847137261,41.7375464040535,-6.185900213897765,4.844161546990691
2001-08-01,-2.07586588967463,41.937071403278516,-7.171982615486818,6.171059977849872
2001-08-02,-1.5066602282118455,42.0924191451149,-7.0275117490096966,6.232087996706929
2001-08-03,-0.8336287303303062,42.780681723869534,-8.008319236901668,6.124200168160385
2001-08-04,-1.4156741408514137,42.86338582442321,-6.793424740266116,3.9786249695604567
2001-08-05,-2.1099897784977957,43.076560159751715,-6.99372241067109,4.723564076196062
2001-08-06,-3.4182140451435794,42.78583906691582,-6.647102790656853,4.573716764142036
2001-08-07,-2.2695643702986508,42.14643901476412,-6.875504320254677,5.747978880298046
2001-08-08,-2.4929948935636657,41.707303842013516,-4.717004845662608,3.9957063097684387
2001-08-09,-1.357282891252646,39.974842126651126,-7.507344083330673,3.0323080392047137
2001-08-10,-1.5581277638046311,42.418851653236466,-7.2475337692110795,2.559525684475676
2001-08-11,-2.0876145528415178,43.43158487274966,-5.7148457987396,1.7269234320445568
2001-08-12,-1.505667111108508,41.78515802763004,-4.738693478522386,0.03793208871531761
2001-08-13,-3.6061861046844355,41.53011725131979,-4.1218609487452715,0.6937487483473281
2001-08-14,-4.1875127147480855,40.60888747614009,-5.058219168203845,-0.99367716396387
2001-08-15,-7.151888013365827,39.9140376031273,-6.009627113927564,-1.7328593780589248
2001-08-16,-8.485375357490609,40.26906125129302,-4.485875170737031,-2.720380258215414
2001-08-17,-8.474742826016065,42.6280428923614,-4.646539254912868,-1.5271916460012749
2001-08-18,-7.99746317550972,43.089059676484474,-4.503248584144393,-1.9652421396334216
2001-08-19,-7.971270531384584,44.66506617842742,-5.470006097213324,-1.6071597967841145
2001-08-20,-8.956783217438714,43.71030077155387,-7.235478572618916,-0.5126577259370468
2001-08-21,-9.644862127202256,41.99494438281343,-8.425717153860463,0.5586418933726489
2001-08-22,-10.360198080092548,43.661625870453676,-10.811616695726869,0.2813419412831747
2001-08-23,-10.871225317367173,44.99552059663572,-11.98096370675099,0.7738425172406609
2001-08-24,-9.658061347465036,44.78002305029163,-11.377376609730966,0.08214277257730651
2001-08-25,-9.053727569305277,43.79498243425549,-11.725407793887905,-1.1268945720886485
2001-08-26,-10.614962414125895,43.4454304149282,-11.591431632740672,0.18050307968754242
2001-08-27,-9.590577218596003,42.578876218543606,-11.048592932827418,2.013761206198605
2001-08-28,-9.245185360614713,43.495820105805,-10.88512106361761,2.0927855012208973
2001-08-29,-8.854156560255971,41.86503088868042,-11.838368198550453,3.327132431671492
2001-08-30,-6.996630020161184,42.455347907510834,-11.260269124620853,2.8367471600794123
2001-08-31,-6.855197339612462,41.5211323515558,-9.67957700660925,4.1257792142345755
2001-09-01,-7.301129260413213,40.58411537204565,-10.71837112782991,3.8843657502297275
2001-09-02,-8.24381895985781,40.10129915168788,-10.824874297368012,4.895010790865754
2001-09-03,-9.017836477811723,40.986859814566685,-11.627765752738537,5.001410287650167
2001-09-04,-8.274067036236813,39.61285065199904,-11.948244785889715,5.834398568021793
2001-09-05,-7.729474141948217,38.14466445799398,-13.225162530828896,7.332097840422906
2001-09-06,-7.240829596969464,39.25165137783226,-13.787069100639533,6.710322070104166
2001-09-07,-6.989658990581117,37.440682028689864,-12.953326179326455,4.923517079793872
2001-09-08,-6.8496913007097024,37.56726463010297,-13.954028685960036,3.4125567266058088
2001-09-09,-6.997783308263103,38.05859910694612,-14.724549444658653,2.13214483298804
2001-09-10,-6.303346469176283,37.42521336091718,-15.3239288495042,2.464149278394845
2001-09-11,-5.7765055889022925,36.5147694585261,-14.442829059529723,4.1806679722624525
2001-09-12,-3.810926400491976,36.544882403557224,-13.794691857856506,4.163395228185555
2001-09-13,-3.294520524420595,36.07278911545824,-12.794964360731413,4.161272874605128
2001-09-14,-3.7983342255792056,37.58847620647359,-12.263791057903237,5.400624357476012
2001-09-15,-3.7643786075095553,38.21733632014871,-13.196354869745571,4.729846296915504
2001-09-16,-2.7582642194016986,38.63633433328156,-13.385607552855873,5.266332846066066
2001-09-17,-2.755517142045743,39.84354391200639,-13.445716272526909,5.3958316980833905
2001-09-18,-3.4792793917570006,39.98456721330508,-13.679833712222145,6.832985392221971
2001-09-19,-3.2835259165625033,38.43190263908038,-15.589305997340837,6.400380395146169
2001-09-20,-3.1596738968378215,38.00097589630732,-14.343873380490852,5.836578721168723
2001-09-21,-2.412434620308478,39.13328359029777,-14.93907847971408,4.989610319337743
2001-09-22,-2.9579901141664875,39.614795003271546,-15.352682916557212,5.206024055584997
2001-09-23,-4.08939212793106,39.60669665900637,-15.958069207887752,5.976668174835224
2001-09-24,-3.407714343242101,40.285071965589836,-17.06281452817207,6.893666116607979
2001-09-25,-2.6732777582769494,40.64467764051178,-15.64023644604319,5.787552939825321
2001-09-26,-2.983825059910823,40.675383422794766,-14.55533034924665,4.682866412880091
2001-09-27,-0.9397929890649701,41.16271350210955,-15.622445167225989,5.36209315571636
2001-09-28,-0.9433687257705817,41.56502047442271,-15.285590612519384,5.122640189260067
2001-09-29,-1.9038434186495525,42.77666616022458,-15.633217637854957,7.82214684722465
2001-09-30,-4.409796869928423,42.77193193934414,-16.868864372633666,7.275027908452159
2001-10-01,-6.012288666306072,41.6792465806771,-16.790201283848106,7.437134632992066
2001-10-02,-7.023149939921896,43.16098665508822,-16.8399536180175,8.699519533810259
2001-10-03,-8.082378149418183,44.24882207172429,-17.95038238395101,10.547326466931708
2001-10-04,-8.370204785083358,44.50285911286402,-17.03231409037107,9.733234595888538
2001-10-05,-8.237185598049429,43.62410680524946,-18.649534133075605,8.284762249327274
2001-10-06,-7.4905305775763935,43.18191124979159,-18.549712836706426,7.611663671437545
2001-10-07,-8.28372170595483,41.578692158498406,-17.825862549684217,7.121881415075553
2001-10-08,-9.817108264556715,40.80485899626768,-18.530707320915205,8.903192896773584
2001-10-09,-8.914846850231738,40.808837962165505,-19.017686781869894,9.50760925590212
2001-10-10,-10.122429197962706,40.54722418445221,-19.840135862329557,8.938853079627728
2001-10-11,-9.700031872171435,41.24140309816386,-18.2005008896358,8.887539171149882
2001-10-12,-9.909510776908867,40.991353549468194,-17.52446337355645,9.533350770199712
2001-10-13,-10.653868003896632,41.39942732228293,-17.995533180052174,9.643728130436768
2001-10-14,-11.280288970843271,40.44811922514385,-19.07037421872792,8.510733170318067
2001-10-15,-10.478496723004627,41.09733135451443,-18.53295341205497,9.703263590107179
2001-10-16,-11.436652759855932,40.43245796428059,-17.84731844423043,10.552407594853165
2001-10-17,-12.248804019263574,40.06100288890203,-17.47208334458493,10.382513897378628
2001-10-18,-11.803110761970217,38.637678315096224,-15.877041930211172,9.390326835687844
2001-10-19,-11.731453923140062,39.30278676559285,-15.28170658399075,9.530123532991457
2001-10-20,-12.475697985168845,39.62876409324252,-15.430213541549453,8.83708264415195
2001-10-21,-12.47711400974372,38.54080108247771,-16.551393127654805,8.471654877731503
2001-10-22,-11.062439281645831,39.29286785826296,-16.448036851769395,7.275325378878563
2001-10-23,-12.307229332710662,39.08428415457274,-15.943966882052079,6.5118423577205675
2001-10-24,-10.943111138551942,38.252324989223666,-15.78805684832958,7.2275567346599985
2001-10-25,-11.413267604174713,39.4537514895471,-16.14187872452274,6.383034841819784
2001-10-26,-10.63728935576501,40.896367715362906,-16.184258951472906,6.130481495928101
2001-10-27,-12.903982914993659,41.35440712672501,-16.068867423682985,7.564544707469443
2001-10-28,-12.22246451411558,42.02406431545103,-15.549872103628635,6.3194758390617025
2001-10-29,-12.201859647564564,44.32599671533708,-16.49852346052332,6.0358515068573215
2001-10-30,-12.587571619009404,44.48631888866205,-15.521066068753132,5.2438367608313206
2001-10-31,-11.208833270614257,43.78179264642673,-14.537242124407637,7.1973338302044745
2001-11-01,-11.48587894688506,42.75465135849946,-14.818781652403374,6.341517063811968
2001-11-02,-12.113893987717486,40.30639658101947,-12.781621291213728,6.010790475383381
2001-11-03,-13.148610224795918,39.252836565322,-12.353474501536704,6.826851106408373
2001-11-04,-13.827264676130541,40.48138619169279,-9.568639393730297,6.452061791356825
2001-11-05,-13.399804180535694,41.33104287811702,-8.912267060543899,5.562694762009212
2001-11-06,-13.564165798274058,41.560843845025104,-10.289721161436216,6.399745031627368
2001-11-07,-14.243643807674566,41.98240701274619,-9.302028262421254,7.915896201546594
2001-11-08,-13.425455825974707,41.657173923995416,-8.06922572102692,9.184501773556663
2001-11-09,-13.375653569553027,42.10822645610799,-6.7931250607909925,8.415085112349821
2001-11-10,-14.24595671115147,40.88752717977138,-7.148411596817241,6.195971553613783
2001-11-11,-14.103522641124494,40.83340075377894,-6.374700922425313,7.23098162212291
2001-11-12,-12.940553703006161,42.49421318232472,-5.4241582385629785,8.7726777187938
2001-11-13,-13.772671778928368,42.655478710412794,-4.657986415294387,9.914379292659863
2001-11-14,-13.932126692448005,43.145771443027115,-3.1545803236575916,9.430725145280476
2001-11-15,-15.081940282023321,44.0637686399438,-2.665450533761839,9.547245887548474
2001-11-16,-13.879573856214883,43.504840015657216,-2.7558590596670642,9.098313524097657
2001-11-17,-14.290512897716393,43.79817116009475,-2.4035135151574676,9.350215408510657
2001-11-18,-15.3557252193517,43.163729664678435,-1.1789145849575184,8.817582585412634
2001-11-19,-15.916800689661363,43.52288627729039,-2.031442169763064,8.248140457194243
2001-11-20,-17.773026406431953,43.60753542709029,-1.2632816414946215,8.463587349966502
2001-11-21,-18.899081927353922,42.49745473070409,0.9054686156690308,9.47309412713758
2001-11-22,-18.439614138415088,41.379739483128915,0.12922571072116595,7.596180627996182
2001-11-23,-19.769746322501803,41.285502768438874,-0.15655852635382433,8.69497211979327
2001-11-24,-19.978693225154746,42.59381400807479,1.0560286560128451,8.499099587407674
2001-11-25,-18.752456911420357,42.050047950091376,1.4698034206147004,8.243019654992173
2001-11-26,-16.817111393322534,41.17243928503692,-0.6238729166670403,6.600659155151351
2001-11-27,-15.71302397524304,41.527560520223254,-2.265883483603713,8.009084952881228
2001-11-28,-13.927484018461254,41.85419512952532,-4.981212867300645,6.394610103352007
2001-11-29,-12.556480201443023,42.24428488187257,-5.602601268873721,5.2983817966590205
2001-11-30,-12.920708988378797,41.40311721431703,-4.35595431445124,5.499613913964479
2001-12-01,-13.59738316159349,41.259891301759055,-4.617454487271471,6.874069111541803
2001-12-02,-12.2195348238937,41.21363564510491,-4.315307927605474,6.14009049228093
2001-12-03,-10.24152935839666,41.00852645651213,-4.8467193076817665,7.71358270061366
2001-12-04,-10.579511442854551,40.70241288543346,-5.358668998284459,7.107334248233702
2001-12-05,-10.292634069994701,39.47710438949419,-7.037669883409747,6.117486999129899
2001-12-06,-10.495761216047496,38.91672782082831,-7.730984862853024,5.409213517732524
2001-12-07,-10.837009310319287,37.5708027710579,-6.685017360325039,5.829790155276418
2001-12-08,-10.817503672805165,36.58366382403752,-7.796614519513826,6.430541197219157
2001-12-09,-11.483619218638928,36.5741197365831,-7.349967826337296,5.418186577389241
2001-12-10,-12.385662653692293,38.0706291482445,-7.989481943078459,6.004254082501907
2001-12-11,-11.763270805374926,36.54581452684304,-8.197206937785179,6.6557189386712095
2001-12-12,-11.285938331528119,37.2584300400697,-9.177038324418172,10.074045148701405
2001-12-13,-12.75764106700253,36.73079907516576,-8.117452073985087,10.288462518555836
2001-12-14,-13.470303243607447,36.53980987187211,-7.817814103600155,10.835383202051942
2001-12-15,-14.464349932427755,36.23348607077397,-8.44300254245481,10.096306949126369
2001-12-16,-14.232312279586639,35.82431286171487,-7.8781209376400065,12.328395419719978
2001-12-17,-13.228182622745198,36.06121071850488,-9.66718723758409,11.954656928204338
2001-12-18,-12.497001074201664,34.46342814763451,-9.879059564870438,12.587266909166301
2001-12-19,-12.628262459977114,35.56745354283601,-10.264756701245357,13.88952193345513
2001-12-20,-12.554157747790585,36.55008209965195,-10.48556123996787,13.822910109150122
2001-12-21,-11.169175860540506,36.628290012868696,-9.132640155874777,14.349193012674352
2001-12-22,-11.258272365073267,34.90223912005631,-8.65321815619394,12.561260549772172
2001-12-23,-11.417624730809603,35.738711835650115,-10.267084964013751,11.700940193665563
2001-12-24,-12.393291108504178,34.4858082614085,-10.046250224355294,12.160546245928991
2001-12-25,-12.720097882013413,35.19460940472477,-9.746238541650358,11.71818996047652
2001-12-26,-14.076001403096036,33.97844292221557,-9.344272817391712,11.772816337168095
2001-12-27,-13.026630010067041,34.669491345596875,-8.91655815790132,12.257008618689937
2001-12-28,-10.798154620993142,35.12422352648963,-8.223040202799494,12.834704335650262
2001-12-29,-12.785020505200281,35.24145374256525,-7.802623604981421,11.969678033055722
2001-12-30,-13.754566973581868,35.81657276104831,-4.766926646600163,12.16051443593409
2001-12-31,-15.182404038264744,37.368745914024835,-3.6943049824961665,11.596488137465137
2002-01-01,-16.914825736123433,37.431367131501275,-3.3430075587125407,12.290766360006762
2002-01-02,-15.965527514691125,40.6180190664199,-3.509201005620781,13.381796961931343
2002-01-03,-15.613345870968912,38.34338876874472,-3.900097985467046,13.924679335240635
2002-01-04,-16.202722574491236,37.3425601425455,-3.432352398266362,13.974997652131012
2002-01-05,-16.591653787878958,38.21702014253017,-3.8470567290687203,15.441974236290811
2002-01-06,-16.08625245646993,38.017425609931166,-5.115281834694966,15.62944563459123
2002-01-07,-15.687238495886866,37.68657357230291,-6.447929848661655,16.555771668606834
2002-01-08,-16.035480729588727,37.67772454668233,-7.446489280487872,16.648205791756144
2002-01-09,-15.87399951348257,38.256654233094224,-6.427493221928626,17.076995577373243
2002-01-10,-16.357341950495286,35.894092085593165,-4.872857093233625,17.472098873726235
2002-01-11,-16.400506787577367,34.4140262700812,-4.7912533074197805,19.033094775008898
2002-01-12,-16.620542041696233,34.893452712935776,-6.024226382699459,18.997067715553726
2002-01-13,-15.561657754949348,36.231067348225544,-6.769659849899544,18.45935357015889
2002-01-14,-13.418966822720899,36.259679006332824,-7.5217640403449035,18.986472261178964
2002-01-15,-14.196430546484335,36.030136197109556,-8.497001821546291,18.585917104695234
2002-01-16,-14.963047738927697,36.484788653285186,-8.911080715870492,15.910554810428277
2002-01-17,-17.380774021373362,37.91075673648655,-8.530783214553717,16.898786354384153
2002-01-18,-17.94122861746692,37.126587772222194,-8.409768760411431,16.140242501807514
2002-01-19,-16.764379850745062,36.13493692501653,-9.36240789407095,15.771869023960631
2002-01-20,-17.176221484468687,36.1904836117159,-9.984572047602208,16.232179355692242
2002-01-21,-17.14705273549579,36.28772913908861,-8.611857266739557,14.718616609966773
2002-01-22,-15.553871167275002,34.97745996779009,-8.28926269408155,14.504045467471071
2002-01-23,-14.83152384339108,35.932519114392605,-8.49915896790745,14.021122919855383
2002-01-24,-14.909594419415377,37.53295166796845,-6.522144121580486,14.790126756292187
2002-01-25,-13.622325422665936,37.36870297547976,-7.040983835844597,15.966243123974568
2002-01-26,-12.71206273190415,35.55151684594518,-6.747750739048492,16.37775458203572
2002-01-27,-12.127543197641629,34.91893623787759,-5.609505836163311,16.729162812185468
2002-01-28,-12.061153367624978,35.69455678344918,-7.620031324862522,17.964851051173238
2002-01-29,-10.396220384363945,35.06947719743391,-8.252524915560718,18.35821665050834
2002-01-30,-11.984802521910586,34.7153391048852,-8.590955048928853,20.206819355162327
2002-01-31,-13.232072353276727,33.06662346794146,-8.894315797800461,21.902020547770764
2002-02-01,-13.81646502824822,32.84516458257808,-8.932681257164777,21.851818425022497
2002-02-02,-13.47631227622021,32.845359011018026,-9.279514583770387,23.84239074219395
2002-02-03,-14.604931244136122,31.651796809407923,-8.158310435118855,24.440882176787415
2002-02-04,-14.428858716881003,31.05764738899548,-8.26772898771656,24.735171911643263
2002-02-05,-13.943268374433877,31.682139557596766,-6.851135450931922,24.038040558407097
2002-02-06,-12.331319826537548,32.37595297978267,-7.5092418849433376,23.638807541662114
2002-02-07,-11.186214397867184,31.61719539571819,-7.7923909016425705,25.285228736421804
2002-02-08,-11.002449311416203,31.906245497448115,-8.855555743134843,24.324899989476993
2002-02-09,-12.889196200437645,31.462765517307105,-10.712832201341175,23.35295569591234
2002-02-10,-12.266206090138938,31.903654645208256,-11.326710985278275,22.090172965520107
2002-02-11,-11.043374967913305,32.481230495147265,-11.727667364909042,21.074920525678543
2002-02-12,-12.402899515435186,33.5331220570603,-11.425454029155052,18.980297175245333
2002-02-13,-13.55900158676658,32.99978753433428,-9.837942046354573,20.00763410039291
2002-02-14,-14.756233905073465,32.31966598994838,-11.25855512294756,18.261764241785965
2002-02-15,-14.122618390889183,32.18063841698566,-11.222479352585468,17.943215642466274
2002-02-16,-15.21862956448164,33.58868476493185,-11.972427735162425,17.89779043301054
2002-02-17,-15.352743993447227,31.224696911472222,-13.62603006342186,16.427831642100237
2002-02-18,-17.47854540188725,32.11814896167273,-11.747622079833008,16.291408462373635
2002-02-19,-18.061825135463977,30.74065315467893,-11.534076058012797,14.903031125158785
2002-02-20,-18.388800068566795,33.314575373626916,-9.660070331591106,14.128995013563364
2002-02-21,-17.956595788081536,34.027764661956006,-9.510957947539524,14.303183722970191
2002-02-22,-18.28903891100005,33.29102287832155,-8.948066049576905,13.4727664899658
2002-02-23,-18.036674281384315,34.300967694332755,-8.595286206908382,14.855716976398092
2002-02-24,-17.731634690884547,33.081121855271796,-8.131121390580207,15.132829252551451
2002-02-25,-18.168059513355438,33.525008109798954,-7.765089852613252,15.424188552477624
2002-02-26,-18.560017434193774,35.89120561992067,-8.39586015131843,14.180407747251245
2002-02-27,-20.130851371892877,34.91597615440987,-6.751487027862515,15.23394209778223
2002-02-28,-19.093540347542422,34.87104217456146,-8.72042544559539,16.447943859481267
2002-03-01,-19.216104859729146,34.089551796137705,-8.63209163699112,15.856166237728708
2002-03-02,-16.31725214821271,33.287398366549525,-8.844368310461327,14.908024000428394
2002-03-03,-16.764708451078562,32.721172008701224,-9.283475302005156,14.365392124579001
2002-03-04,-16.32508588342428,32.68248568862233,-10.937201083813164,15.248356954938444
2002-03-05,-17.274863392367944,32.73921925355366,-8.85070061377171,16.641973976471803
2002-03-06,-17.777201671433787,31.279867871465086,-10.294877310148454,16.30557404126565
2002-03-07,-17.059797930461677,32.65201659758569,-9.696732094717492,16.02974851460484
2002-03-08,-16.126366727928847,34.16607729511673,-9.20581811238339,15.575100660047662
2002-03-09,-16.218611629640023,33.07717638834507,-9.569178140516128,14.709896037325004
2002-03-10,-16.648241736938793,33.07754321751614,-10.592074795536718,14.23111169200096
2002-03-11,-16.757538076126103,32.9248760078814,-9.841939856818968,13.834083973421013
2002-03-12,-16.91878923522536,31.69234933887393,-10.447495191382384,12.330606573803001
2002-03-13,-17.618645732680985,32.288260344750526,-10.273281240041777,11.941991653296068
2002-03-14,-17.394739121369817,32.73801438204962,-10.861140845601089,13.268601905954688
2002-03-15,-16.249473974558473,33.07534337123801,-10.987547934120624,13.17645458500032
2002-03-16,-15.39280926474942,31.773325895154574,-10.933506769921816,13.359350678985646
2002-03-17,-17.713076385664664,31.694795268801673,-9.799983042676583,10.897596633312702
2002-03-18,-16.845455866728066,31.430097402079195,-9.538738615435625,10.401471528719677
2002-03-19,-17.64448208192134,32.08768910630553,-10.490551336372658,11.537515240195331
2002-03-20,-17.43664378164372,31.384103828951467,-10.670515247974851,10.488132634883911
2002-03-21,-16.938986724319207,33.85200063611495,-12.438218578105344,10.52560645437217
2002-03-22,-17.347165056276356,33.67419037473127,-13.60968088916652,10.980732716643093
2002-03-23,-17.34092318040236,32.713077133351426,-13.858996977965367,9.675716820156905
2002-03-24,-15.764979110971142,33.99588777219687,-15.002170367631196,11.136197818926979
2002-03-25,-17.1053407618813,34.14335949074993,-16.13956307617341,10.46516926411715
2002-03-26,-15.631275274146265,35.78496959215508,-18.329444768540366,10.37169719349799
2002-03-27,-16.204944119622738,36.81712810616251,-18.5690254540765,11.320331388769548
2002-03-28,-17.182837261508148,37.36188106979535,-18.282559250713202,10.80051915650663
2002-03-29,-17.71710713844695,36.51637534784869,-17.709281763384194,10.047320613027113
2002-03-30,-18.942737584759605,37.83843549333247,-18.759871049541147,8.429124923821007
2002-03-31,-17.758871671724826,37.576745811306125,-19.689091838714287,8.951890796153931
2002-04-01,-16.040227562479863,37.96047958810838,-18.448934913863145,9.067101492606573
2002-04-02,-17.486907126410713,38.91044605212886,-17.913851857522694,9.558047987465658
2002-04-03,-18.066168348874367,38.041887004662065,-18.67950923611737,9.461520869749146
2002-04-04,-18.901876554616653,39.63457320405502,-18.790781806897314,9.473295573383858
2002-04-05,-19.535691174290818,40.56073835964371,-18.027036352189807,9.46901093010661
2002-04-06,-19.837920347376556,40.58959339175666,-18.67176872877855,9.699228402199754
2002-04-07,-19.47459615691864,40.405623675602534,-19.732250865530744,9.537870479037265
2002-04-08,-19.64134714674224,41.0674824305331,-21.417025989495972,11.263227963445946
2002-04-09,-20.545144400039295,40.09463461995902,-22.16015113269146,9.700315233997685
2002-04-10,-20.826128654710466,39.32172967680444,-22.021477468468664,9.620656591390956
2002-04-11,-20.605345326417265,39.35626891683539,-23.05933260401236,9.736035939724806
2002-04-12,-19.80366784841325,41.10297846430472,-22.680430395245654,9.567547290877814
2002-04-13,-21.06920505638659,39.588198149216325,-21.033352333553,9.41991484315491
2002-04-14,-20.97101095619527,39.1228286090383,-21.381495183840084,11.077342667175603
2002-04-15,-19.67820982683821,39.84009397396865,-21.484125753602008,12.215159017181065
2002-04-16,-18.909176431723928,42.18358040117617,-21.297527423888784,11.18614423297737
2002-04-17,-18.81965166683838,41.9501260647633,-21.87835965332541,10.520680512897462
2002-04-18,-17.715917355147738,42.61364069391315,-21.42483580295001,10.934989205131583
2002-04-19,-17.298853920193505,42.75390980840466,-21.405369509721467,12.443482008145914
2002-04-20,-16.918103655190095,41.340293305157765,-21.175568889798775,14.31694793706231
2002-04-21,-18.10733261751701,41.926234114955925,-21.069170362443426,14.714844949150946
2002-04-22,-17.003333668929525,40.7862369386101,-20.442637659916585,13.382099829619394
2002-04-23,-17.835262236025784,41.14556831401195,-20.343222034586447,14.230167523755986
2002-04-24,-18.36047924107221,42.024593767066605,-20.74759327813685,13.072462338383051
2002-04-25,-19.845411404662364,42.959760781387246,-20.813461889306748,14.670147998458066
2002-04-26,-20.420428158288985,43.65961254000477,-22.61449305953704,14.836414371052411
2002-04-27,-20.123310620193426,41.93049054642013,-22.17203863962057,16.111608504611617
2002-04-28,-22.03855453924112,41.168288138322026,-22.552830003907733,14.50253705495634
2002-04-29,-21.686091318202042,41.18806878417233,-23.431015802655477,14.815838758986876
2002-04-30,-22.53164748167566,40.773037253703144,-24.8024817591054,15.65369554574661
2002-05-01,-22.000418835950867,42.72951335344866,-23.575648092042417,13.859715126724565
2002-05-02,-23.531620552958532,42.231554044187256,-22.91661696065146,13.478289398799618
2002-05-03,-24.57951699442186,43.03188837476189,-20.99084091787329,13.564895246343909
2002-05-04,-23.168099172263048,41.29320387815928,-20.470149616591964,13.620393046686402
2002-05-05,-22.994617298256003,41.2188699965317,-20.182027190547995,15.79223539153059
2002-05-06,-23.506794765859738,41.781716740362626,-22.436986425927355,15.03678327078195
2002-05-07,-23.293923047104204,41.989231184841366,-23.781553150847383,14.792338346634034
2002-05-08,-22.38134876576694,40.97846074350775,-23.16487413775676,14.889164137018053
2002-05-09,-22.000644899973636,41.7471722202435,-23.283074886272587,14.007430285298192
2002-05-10,-22.940708688040235,41.71827625128706,-24.96466607232196,12.73034290787051
2002-05-11,-22.508002977975096,41.95999888416184,-24.647037191116507,13.246309162079006
2002-05-12,-21.817298111023895,42.261485664978224,-26.06476859395683,13.028990691415931
2002-05-13,-22.977102727794286,42.50323482389819,-27.646233102028162,13.976030150246674
2002-05-14,-24.033703232584333,42.2514157768221,-28.51563489673509,13.048370015193585
2002-05-15,-25.900792837060756,41.83389262721981,-28.936613424996597,12.522013731805012
2002-05-16,-24.834976142174792,42.011068079773544,-28.389815869667732,13.040910025237146
2002-05-17,-25.414316890484518,43.66493582134794,-28.63497411645176,13.280777396360918
2002-05-18,-25.050275464462423,44.6490968486083,-29.941434624100317,13.151358818474225
2002-05-19,-24.63509354772511,45.92626743748478,-28.32274816436176,13.250484900924373
2002-05-20,-25.717284167846426,45.648373759691225,-30.388719883920086,13.941810795539261
2002-05-21,-24.929294510400716,47.32878745534451,-31.04720497363777,12.93921291966939
2002-05-22,-25.288376201106882,47.453561462385295,-31.465410099065757,12.615756065129233
2002-05-23,-24.888664964916828,46.46593782388,-29.717331268487182,13.958222276161703
2002-05-24,-24.057243631731918,46.184367923664325,-30.60652216849003,14.079067986388468
2002-05-25,-24.545112677898445,48.14423328753277,-31.756201434800616,13.881177828478657
2002-05-26,-24.389160318629116,49.52049924656467,-31.552634630531244,14.062502615989764
2002-05-27,-25.431955375921888,50.267603245048285,-32.823128438337335,12.698551658114484
2002-05-28,-26.0703298135426,49.409587407777906,-33.65948525312682,10.838115786328334
2002-05-29,-26.685157652187158,49.958157821040295,-34.52046220652615,10.142573120526059
2002-05-30,-25.180095465414936,49.874450852841676,-34.536850676627914,9.981580813482815
2002-05-31,-23.190252141700118,50.40804164893114,-33.447507961281644,11.675870178837766
2002-06-01,-24.655914837841813,50.976089528056285,-34.49537462071582,11.649164375367468
2002-06-02,-23.85821562627984,49.92393129042124,-35.543209091448844,12.627728641231355
2002-06-03,-24.04225651708733,48.72736958073684,-35.71043919849874,14.577586614723316
2002-06-04,-23.726084060231884,49.75719085690528,-36.86365636019273,16.21603170618915
2002-06-05,-23.258356083711025,50.2531825709671,-36.488894199104266,15.072644023387548
2002-06-06,-24.40352816170353,49.77673074377484,-37.874681546092525,14.929364511938852
2002-06-07,-24.562560088851463,50.98488907528653,-37.77039969878149,13.608578518079092
2002-06-08,-25.5913343983577,51.78717288013189,-38.030337514047744,13.342897500757523
2002-06-09,-25.078019171049213,51.66411993635859,-36.32107846487641,12.36437123550671
2002-06-10,-22.974716609509063,51.617763347018105,-36.32667249724176,13.461787790681166
2002-06-11,-22.63776166163599,50.25503237936646,-36.97760430607893,13.389096207349029
2002-06-12,-22.52260572635281,52.33402866660363,-36.92285541553408,13.979796768030083
2002-06-13,-21.613852819239863,51.564682813299534,-38.616359124760066,13.346707403065347
2002-06-14,-21.44951978740545,49.40164194136836,-38.341229326093405,14.156230638726672
2002-06-15,-20.14595148122357,49.764769610465535,-38.76161092692208,14.487893565238918
2002-06-16,-18.982765222829432,51.24059211195253,-36.023150960471696,14.91869226618017
2002-06-17,-18.1561769260382,52.44104290034727,-36.16390331197672,15.418177896578577
2002-06-18,-17.670564870706944,52.86756199305667,-37.781577946739986,15.016221503707987
2002-06-19,-16.65385058959123,52.98731955201088,-39.6915409127404,15.880565732643621
2002-06-20,-15.838428969027138,52.55691452847356,-38.16484567325708,16.483611920799046
2002-06-21,-16.08843402861801,54.678582875604405,-37.169544143151,16.15650786533088
2002-06-22,-15.049799622739751,53.23851660096392,-37.02651810098338,14.30889263230235
2002-06-23,-13.655204957711858,52.09012765686129,-37.357962822593734,14.27929044723249
2002-06-24,-14.020260585779027,52.40668498570804,-36.791977436169354,13.225194184912208
2002-06-25,-14.000437480276805,51.64701082324285,-35.643796236130406,13.733100579528163
2002-06-26,-15.010750545557258,51.67454830048564,-36.443773135189254,13.310355710703995
2002-06-27,-16.372888910927852,51.79148293204781,-36.23536285620938,13.771147532218231
2002-06-28,-16.202433898430247,50.72169609832048,-35.998235760234834,14.621022798983248
2002-06-29,-16.339587894983154,51.59689365573854,-35.47999475467721,14.422934525451447
2002-06-30,-15.811046122927335,51.32057447596674,-34.60241591784954,15.993083732759379
2002-07-01,-16.113718568549995,50.837123067309825,-34.221332838151916,15.519682595294102
2002-07-02,-15.480785875571305,50.91014192517763,-34.14140562491583,15.85939678224701
2002-07-03,-14.24692336353406,52.77234179709335,-33.366467980214644,15.191309680981426
2002-07-04,-15.40938383248026,52.950069655784915,-35.422975884328295,13.36371662865003
2002-07-05,-16.49733708789121,52.64291060694966,-35.75902697380348,13.364392642743507
2002-07-06,-17.24521430922681,53.36991687159073,-35.534432662871325,13.58265840492496
2002-07-07,-17.568835742374926,52.68499514881858,-35.696528493465635,12.273776045092298
2002-07-08,-17.57722918256793,52.779050170428725,-35.49660190230128,12.99542684513926
2002-07-09,-17.694477612503146,52.574831843087914,-36.24196614859986,12.755528529268982
2002-07-10,-17.348111021719866,52.57135301190679,-37.58696990092568,13.83992406682526
2002-07-11,-17.33493576589057,52.20756603032912,-38.34196115130312,13.886236655939205
2002-07-12,-17.708121297814017,51.50831395911184,-38.35064206611345,14.588231281093616
2002-07-13,-18.20931589759947,51.97537253672628,-40.14334294177048,14.262891244373469
2002-07-14,-18.05631896225255,50.6390552865138,-40.5256673631255,16.29885035655023
2002-07-15,-19.3922921432263,50.14504340289983,-38.912131698453436,16.608119879212893
2002-07-16,-18.612405521615894,50.13750608407869,-38.99053127826783,15.346821478681665
2002-07-17,-20.29327065157494,50.773777127490064,-37.50674249046652,15.700546267861663
2002-07-18,-18.124216978037158,50.39253450796469,-37.57615314455614,15.721707508569493
2002-07-19,-19.13172208291096,49.833080074721366,-38.15339851921787,15.627342810201396
2002-07-20,-19.288149367736562,49.43990375873199,-38.813170762909756,15.849057583197066
2002-07-21,-18.531747870453277,49.83887266477034,-36.72053278359545,15.382235108611
2002-07-22,-18.70108039455711,50.63125490351379,-36.78044630242055,13.231283631508521
2002-07-23,-17.840862205156483,49.79700285849565,-38.80903111596513,11.558328529384264
2002-07-24,-19.67096019380198,50.19132602419315,-38.76470355326973,12.695660079982812
2002-07-25,-21.624828570748736,50.24225671672538,-39.48204975188371,12.728657665309596
2002-07-26,-21.003448690582477,51.06650659301281,-38.14309666239226,12.536121649176225
2002-07-27,-19.55935398968902,49.638381708588106,-38.49043327657349,11.356484947721519
2002-07-28,-20.747312776839525,50.70089994870935,-38.71344488822186,11.32033025778219
2002-07-29,-21.06939942916715,51.46986293166426,-39.05352995186547,10.393492831345197
2002-07-30,-21.088935785519915,52.102594060025645,-41.00763542639767,10.996718709718017
2002-07-31,-19.70141938192592,53.164657217451676,-41.434123508656384,11.497750189072908
2002-08-01,-19.307698578206978,55.48423833650528,-40.55516346375556,11.011108334736461
2002-08-02,-19.66678195942241,55.649563830560886,-40.718019846678416,11.4514223253746
2002-08-03,-19.461288922708814,55.889481721497226,-40.883521214964944,11.720542183714542
2002-08-04,-20.560700298872618,55.837945345326666,-41.076449171901025,11.455062659293661
2002-08-05,-20.34206880156744,53.01657222878255,-40.01201470571647,11.589545399158215
2002-08-06,-20.13930524848019,51.949266903517184,-39.5378166910075,11.20119115991719
2002-08-07,-20.75426121792805,51.45519615339635,-38.92299828335412,12.47867878830888
2002-08-08,-21.30925447982287,50.13559499529909,-38.67892370419003,12.88839335797582
2002-08-09,-20.549873780255858,50.89365720848662,-39.267788615459715,12.18673522743599
2002-08-10,-21.933590557302715,50.566166164868534,-39.806391989457225,11.767433666898446
2002-08-11,-22.547714601930092,50.33013565779976,-39.17160908750052,11.150267690865345
2002-08-12,-21.483394380580467,50.496336132268425,-41.3329070301753,11.180018813793067
2002-08-13,-20.688823994348986,51.760148591931696,-41.5363622957282,10.20068020087489
2002-08-14,-20.64660899169478,54.01940689863868,-40.19391475511496,9.364352110734629
2002-08-15,-20.890076425379927,54.6719550218865,-40.07599787903603,8.139482095080687
2002-08-16,-20.96656488136572,54.18060076855291,-39.96669364700007,8.734219327674976
2002-08-17,-21.499794434475195,54.450583030623946,-40.94180887379926,8.599950934147264
2002-08-18,-20.762776801960495,55.53970965937946,-40.09899869874557,7.4357520216749755
2002-08-19,-20.390563695555464,54.98481462446364,-40.74911041909522,7.461718167663579
2002-08-20,-21.73255447389534,52.90397107804287,-41.451228256632014,8.31164462768395
2002-08-21,-24.5408612176239,52.32771949475797,-41.28946685820292,8.735974172969273
2002-08-22,-21.920531779078956,51.34710350073176,-42.8442800865605,7.757489767899159
2002-08-23,-21.6272343232934,50.217533970177904,-44.21833862258004,7.136994733341618
2002-08-24,-20.473209882457585,49.845008575493445,-43.56956080289517,5.328691610417155
2002-08-25,-21.1251206126975,50.89225226283258,-42.56740653888756,4.489017258074079
2002-08-26,-19.93910473409832,50.275713231929466,-41.403596488750146,3.458271568488188
2002-08-27,-19.888437443939925,51.295539834551505,-41.15770267032403,3.8346845640276923
2002-08-28,-19.617038481349898,52.59036643101642,-41.391181232545655,2.799520337502326
2002-08-29,-18.653810391951374,52.57536795092438,-41.481533953014676,1.6853070080268122
2002-08-30,-19.837864291726003,51.21875576732689,-41.39657828943503,1.6531235699037117
2002-08-31,-18.442165143841304,51.615255793871995,-39.98923815462107,0.6412491061178291
2002-09-01,-19.774045776773796,52.01882298726169,-39.572757765199405,0.5245001382129564
2002-09-02,-18.9119288204365,51.632814683781085,-37.11089694529217,1.0311739348273248
2002-09-03,-18.48358850648342,52.75447651814841,-36.79023438165958,0.8364867944046173
2002-09-04,-16.723026200889915,53.715271921316905,-38.14954531630733,-0.35043148964095394
2002-09-05,-14.973562296621854,53.84835888306013,-35.73272047289416,1.7110223823166066
2002-09-06,-14.826208206488504,54.03452039221137,-34.256171497923766,0.5740810673731442
2002-09-07,-14.731718293027992,54.68783531120441,-34.107014789413455,0.6932622578302802
2002-09-08,-13.6552182940068,53.66376336986248,-33.06134546562512,0.4720508845490187
2002-09-09,-12.451385419948297,54.83068538044722,-33.26458942423823,1.3420088575805782
2002-09-10,-12.852455904255054,53.38901718170286,-33.07747222270724,1.0816256858896254
2002-09-11,-12.754431220991776,55.36435668891208,-33.080217461383164,2.4106672609274984
2002-09-12,-11.020381924636283,54.09311999695053,-34.701286060159774,2.853536147568413
2002-09-13,-12.484598988239433,54.30282564747275,-35.71468928743983,2.7730059250083046
2002-09-14,-13.455731907819466,52.709251348275444,-36.02259196931205,2.6316706383667445
2002-09-15,-12.784784927367502,53.27595506477156,-36.88419347489162,3.8642291957363613
2002-09-16,-14.471683261036613,55.01774941389769,-38.14852054593972,2.3029818192954483
2002-09-17,-13.718907688746523,53.77760046339157,-36.94444217922846,1.1185784805477152
2002-09-18,-13.88579005019192,53.756604148129654,-37.18784312048322,0.38520271322531874
2002-09-19,-12.577718759886547,53.51858642308261,-36.49159915533529,1.8313505229695166
2002-09-20,-12.519266888465276,53.805961148108906,-37.11475616965202,2.5495167969059844
2002-09-21,-12.055778217015401,54.10248899914988,-37.19115464104323,2.569829903024941
2002-09-22,-13.453610994347473,53.79421322473474,-39.00846158937799,1.7097750216556185
2002-09-23,-13.832811926167475,53.503872636354295,-39.84527855131185,2.2996736733434093
2002-09-24,-14.9951142983186,52.49800063948952,-40.842456959832305,1.3326578353208594
2002-09-25,-13.78152512602843,52.102317239068945,-42.07799356564163,-0.14869852938154127
2002-09-26,-13.512627170984315,51.34315615899557,-41.92164417736355,-0.6642643721678941
